LOR-Nummer,Einwohner_innen,Haushalte1,Durchschnittliche Haushaltsgröße,Wohnungen
2020201,4923,3094,1.5911441499676793,2706
2020202,1202,2011,0.5977125808055693,2302
2020203,3002,1001,2.999000999000999,123
2020204,1234,1234,1,1234
2020205,4321,3423,1.2623429739994156,5433
2020206,3211,1232,2.606331168831169,1343